Thread, Time, Time/Image
1.00000000, 22.94571638, 0.41719484
2.00000000, 11.94132471, 0.21711499
3.00000000, 8.71518230, 0.15845786
4.00000000, 7.51979852, 0.13672361
5.00000000, 7.24224544, 0.13167719
6.00000000, 6.77415085, 0.12316638
7.00000000, 6.75019383, 0.12273080
