Thread, Time, Time/Image
1, 25.981996059417725, 0.47239992835304956
2, 14.518345355987549, 0.26396991556341
3, 9.91541576385498, 0.1802802866155451
4, 9.027743816375732, 0.16414079666137696
5, 8.533249855041504, 0.15514999736439097
6, 7.843899726867676, 0.14261635867032138
7, 7.0086510181427, 0.12743001851168545
8, 6.963402271270752, 0.12660731402310457
